{
  "cityToRegion": {
    "upplands väsby": "Stockholm",
    "vallentuna": "Stockholm",
    "österåker": "Stockholm",
    "värmdö": "Stockholm",
    "järfälla": "Stockholm",
    "ekerö": "Stockholm",
    "huddinge": "Stockholm",
    "botkyrka": "Stockholm",
    "salem": "Stockholm",
    "haninge": "Stockholm",
    "tyresö": "Stockholm",
    "upplands-bro": "Stockholm",
    "nykvarn": "Stockholm",
    "täby": "Stockholm",
    "danderyd": "Stockholm",
    "sollentuna": "Stockholm",
    "stockholm": "Stockholm",
    "södertälje": "Stockholm",
    "nacka": "Stockholm",
    "sundbyberg": "Stockholm",
    "solna": "Stockholm",
    "lidingö": "Stockholm",
    "vaxholm": "Stockholm",
    "norrtälje": "Stockholm",
    "sigtuna": "Stockholm",
    "nynäshamn": "Stockholm",
    "håbo": "Uppsala",
    "älvkarleby": "Uppsala",
    "knivsta": "Uppsala",
    "heby": "Uppsala",
    "tierp": "Uppsala",
    "uppsala": "Uppsala",
    "enköping": "Uppsala",
    "östhammar": "Uppsala",
    "vingåker": "Södermanland",
    "gnesta": "Södermanland",
    "nyköping": "Södermanland",
    "oxelösund": "Södermanland",
    "flen": "Södermanland",
    "katrineholm": "Södermanland",
    "eskilstuna": "Södermanland",
    "strängnäs": "Södermanland",
    "trosa": "Södermanland",
    "ödeshög": "Östergötland",
    "ydre": "Östergötland",
    "kinda": "Östergötland",
    "boxholm": "Östergötland",
    "åtvidaberg": "Östergötland",
    "finspång": "Östergötland",
    "valdemarsvik": "Östergötland",
    "linköping": "Östergötland",
    "norrköping": "Östergötland",
    "söderköping": "Östergötland",
    "motala": "Östergötland",
    "vadstena": "Östergötland",
    "mjölby": "Östergötland",
    "aneby": "Jönköping",
    "gnosjö": "Jönköping",
    "mullsjö": "Jönköping",
    "habo": "Jönköping",
    "gislaved": "Jönköping",
    "vaggeryd": "Jönköping",
    "jönköping": "Jönköping",
    "nässjö": "Jönköping",
    "värnamo": "Jönköping",
    "sävsjö": "Jönköping",
    "vetlanda": "Jönköping",
    "eksjö": "Jönköping",
    "tranås": "Jönköping",
    "uppvidinge": "Kronoberg",
    "lessebo": "Kronoberg",
    "tingsryd": "Kronoberg",
    "alvesta": "Kronoberg",
    "älmhult": "Kronoberg",
    "markaryd": "Kronoberg",
    "växjö": "Kronoberg",
    "ljungby": "Kronoberg",
    "högsby": "Kalmar",
    "torsås": "Kalmar",
    "mörbylånga": "Kalmar",
    "hultsfred": "Kalmar",
    "mönsterås": "Kalmar",
    "emmaboda": "Kalmar",
    "kalmar": "Kalmar",
    "nybro": "Kalmar",
    "oskarshamn": "Kalmar",
    "västervik": "Kalmar",
    "vimmerby": "Kalmar",
    "borgholm": "Kalmar",
    "gotland": "Gotland",
    "olofström": "Blekinge",
    "karlskrona": "Blekinge",
    "ronneby": "Blekinge",
    "karlshamn": "Blekinge",
    "sölvesborg": "Blekinge",
    "svalöv": "Skåne",
    "staffanstorp": "Skåne",
    "burlöv": "Skåne",
    "vellinge": "Skåne",
    "östra göinge": "Skåne",
    "örkelljunga": "Skåne",
    "bjuv": "Skåne",
    "kävlinge": "Skåne",
    "lomma": "Skåne",
    "svedala": "Skåne",
    "skurup": "Skåne",
    "sjöbo": "Skåne",
    "hörby": "Skåne",
    "höör": "Skåne",
    "tomelilla": "Skåne",
    "bromölla": "Skåne",
    "osby": "Skåne",
    "perstorp": "Skåne",
    "klippan": "Skåne",
    "åstorp": "Skåne",
    "båstad": "Skåne",
    "malmö": "Skåne",
    "lund": "Skåne",
    "landskrona": "Skåne",
    "helsingborg": "Skåne",
    "höganäs": "Skåne",
    "eslöv": "Skåne",
    "ystad": "Skåne",
    "trelleborg": "Skåne",
    "kristianstad": "Skåne",
    "simrishamn": "Skåne",
    "ängelholm": "Skåne",
    "hässleholm": "Skåne",
    "hylte": "Halland",
    "halmstad": "Halland",
    "laholm": "Halland",
    "falkenberg": "Halland",
    "varberg": "Halland",
    "kungsbacka": "Halland",
    "härryda": "Västra Götaland",
    "partille": "Västra Götaland",
    "öckerö": "Västra Götaland",
    "stenungsund": "Västra Götaland",
    "tjörn": "Västra Götaland",
    "orust": "Västra Götaland",
    "sotenäs": "Västra Götaland",
    "munkedal": "Västra Götaland",
    "tanum": "Västra Götaland",
    "dals-ed": "Västra Götaland",
    "färgelanda": "Västra Götaland",
    "ale": "Västra Götaland",
    "lerum": "Västra Götaland",
    "vårgårda": "Västra Götaland",
    "bollebygd": "Västra Götaland",
    "grästorp": "Västra Götaland",
    "essunga": "Västra Götaland",
    "karlsborg": "Västra Götaland",
    "gullspång": "Västra Götaland",
    "tranemo": "Västra Götaland",
    "bengtsfors": "Västra Götaland",
    "mellerud": "Västra Götaland",
    "lilla edet": "Västra Götaland",
    "mark": "Västra Götaland",
    "svenljunga": "Västra Götaland",
    "herrljunga": "Västra Götaland",
    "vara": "Västra Götaland",
    "götene": "Västra Götaland",
    "tibro": "Västra Götaland",
    "töreboda": "Västra Götaland",
    "göteborg": "Västra Götaland",
    "mölndal": "Västra Götaland",
    "kungälv": "Västra Götaland",
    "lysekil": "Västra Götaland",
    "uddevalla": "Västra Götaland",
    "strömstad": "Västra Götaland",
    "vänersborg": "Västra Götaland",
    "trollhättan": "Västra Götaland",
    "alingsås": "Västra Götaland",
    "borås": "Västra Götaland",
    "ulricehamn": "Västra Götaland",
    "åmål": "Västra Götaland",
    "mariestad": "Västra Götaland",
    "lidköping": "Västra Götaland",
    "skara": "Västra Götaland",
    "skövde": "Västra Götaland",
    "hjo": "Västra Götaland",
    "tidaholm": "Västra Götaland",
    "falköping": "Västra Götaland",
    "kil": "Värmland",
    "eda": "Värmland",
    "torsby": "Värmland",
    "storfors": "Värmland",
    "hammarö": "Värmland",
    "munkfors": "Värmland",
    "forshaga": "Värmland",
    "grums": "Värmland",
    "årjäng": "Värmland",
    "sunne": "Värmland",
    "karlstad": "Värmland",
    "kristinehamn": "Värmland",
    "filipstad": "Värmland",
    "hagfors": "Värmland",
    "arvika": "Värmland",
    "säffle": "Värmland",
    "lekeberg": "Örebro",
    "laxå": "Örebro",
    "hallsberg": "Örebro",
    "degerfors": "Örebro",
    "hällefors": "Örebro",
    "ljusnarsberg": "Örebro",
    "örebro": "Örebro",
    "kumla": "Örebro",
    "askersund": "Örebro",
    "karlskoga": "Örebro",
    "nora": "Örebro",
    "lindesberg": "Örebro",
    "skinnskatteberg": "Västmanland",
    "surahammar": "Västmanland",
    "kungsör": "Västmanland",
    "hallstahammar": "Västmanland",
    "norberg": "Västmanland",
    "västerås": "Västmanland",
    "sala": "Västmanland",
    "fagersta": "Västmanland",
    "köping": "Västmanland",
    "arboga": "Västmanland",
    "vansbro": "Dalarna",
    "malung-sälen": "Dalarna",
    "gagnef": "Dalarna",
    "leksand": "Dalarna",
    "rättvik": "Dalarna",
    "orsa": "Dalarna",
    "älvdalen": "Dalarna",
    "smedjebacken": "Dalarna",
    "mora": "Dalarna",
    "falun": "Dalarna",
    "borlänge": "Dalarna",
    "säter": "Dalarna",
    "hedemora": "Dalarna",
    "avesta": "Dalarna",
    "ludvika": "Dalarna",
    "ockelbo": "Gävleborg",
    "hofors": "Gävleborg",
    "ovanåker": "Gävleborg",
    "nordanstig": "Gävleborg",
    "ljusdal": "Gävleborg",
    "gävle": "Gävleborg",
    "sandviken": "Gävleborg",
    "söderhamn": "Gävleborg",
    "bollnäs": "Gävleborg",
    "hudiksvall": "Gävleborg",
    "ånge": "Västernorrland",
    "timrå": "Västernorrland",
    "härnösand": "Västernorrland",
    "sundsvall": "Västernorrland",
    "kramfors": "Västernorrland",
    "sollefteå": "Västernorrland",
    "örnsköldsvik": "Västernorrland",
    "ragunda": "Jämtland",
    "bräcke": "Jämtland",
    "krokom": "Jämtland",
    "strömsund": "Jämtland",
    "åre": "Jämtland",
    "berg": "Jämtland",
    "härjedalen": "Jämtland",
    "östersund": "Jämtland",
    "nordmaling": "Västerbotten",
    "bjurholm": "Västerbotten",
    "vindeln": "Västerbotten",
    "robertsfors": "Västerbotten",
    "norsjö": "Västerbotten",
    "malå": "Västerbotten",
    "storuman": "Västerbotten",
    "sorsele": "Västerbotten",
    "dorotea": "Västerbotten",
    "vännäs": "Västerbotten",
    "vilhelmina": "Västerbotten",
    "åsele": "Västerbotten",
    "umeå": "Västerbotten",
    "lycksele": "Västerbotten",
    "skellefteå": "Västerbotten",
    "arvidsjaur": "Norrbotten",
    "arjeplog": "Norrbotten",
    "jokkmokk": "Norrbotten",
    "överkalix": "Norrbotten",
    "kalix": "Norrbotten",
    "övertorneå": "Norrbotten",
    "pajala": "Norrbotten",
    "gällivare": "Norrbotten",
    "älvsbyn": "Norrbotten",
    "luleå": "Norrbotten",
    "piteå": "Norrbotten",
    "boden": "Norrbotten",
    "haparanda": "Norrbotten",
    "kiruna": "Norrbotten"
  },
  "regionToCities": {
    "Stockholm": [
      "upplands väsby",
      "vallentuna",
      "österåker",
      "värmdö",
      "järfälla",
      "ekerö",
      "huddinge",
      "botkyrka",
      "salem",
      "haninge",
      "tyresö",
      "upplands-bro",
      "nykvarn",
      "täby",
      "danderyd",
      "sollentuna",
      "stockholm",
      "södertälje",
      "nacka",
      "sundbyberg",
      "solna",
      "lidingö",
      "vaxholm",
      "norrtälje",
      "sigtuna",
      "nynäshamn"
    ],
    "Uppsala": [
      "håbo",
      "älvkarleby",
      "knivsta",
      "heby",
      "tierp",
      "uppsala",
      "enköping",
      "östhammar"
    ],
    "Södermanland": [
      "vingåker",
      "gnesta",
      "nyköping",
      "oxelösund",
      "flen",
      "katrineholm",
      "eskilstuna",
      "strängnäs",
      "trosa"
    ],
    "Östergötland": [
      "ödeshög",
      "ydre",
      "kinda",
      "boxholm",
      "åtvidaberg",
      "finspång",
      "valdemarsvik",
      "linköping",
      "norrköping",
      "söderköping",
      "motala",
      "vadstena",
      "mjölby"
    ],
    "Jönköping": [
      "aneby",
      "gnosjö",
      "mullsjö",
      "habo",
      "gislaved",
      "vaggeryd",
      "jönköping",
      "nässjö",
      "värnamo",
      "sävsjö",
      "vetlanda",
      "eksjö",
      "tranås"
    ],
    "Kronoberg": [
      "uppvidinge",
      "lessebo",
      "tingsryd",
      "alvesta",
      "älmhult",
      "markaryd",
      "växjö",
      "ljungby"
    ],
    "Kalmar": [
      "högsby",
      "torsås",
      "mörbylånga",
      "hultsfred",
      "mönsterås",
      "emmaboda",
      "kalmar",
      "nybro",
      "oskarshamn",
      "västervik",
      "vimmerby",
      "borgholm"
    ],
    "Gotland": [
      "gotland"
    ],
    "Blekinge": [
      "olofström",
      "karlskrona",
      "ronneby",
      "karlshamn",
      "sölvesborg"
    ],
    "Skåne": [
      "svalöv",
      "staffanstorp",
      "burlöv",
      "vellinge",
      "östra göinge",
      "örkelljunga",
      "bjuv",
      "kävlinge",
      "lomma",
      "svedala",
      "skurup",
      "sjöbo",
      "hörby",
      "höör",
      "tomelilla",
      "bromölla",
      "osby",
      "perstorp",
      "klippan",
      "åstorp",
      "båstad",
      "malmö",
      "lund",
      "landskrona",
      "helsingborg",
      "höganäs",
      "eslöv",
      "ystad",
      "trelleborg",
      "kristianstad",
      "simrishamn",
      "ängelholm",
      "hässleholm"
    ],
    "Halland": [
      "hylte",
      "halmstad",
      "laholm",
      "falkenberg",
      "varberg",
      "kungsbacka"
    ],
    "Västra Götaland": [
      "härryda",
      "partille",
      "öckerö",
      "stenungsund",
      "tjörn",
      "orust",
      "sotenäs",
      "munkedal",
      "tanum",
      "dals-ed",
      "färgelanda",
      "ale",
      "lerum",
      "vårgårda",
      "bollebygd",
      "grästorp",
      "essunga",
      "karlsborg",
      "gullspång",
      "tranemo",
      "bengtsfors",
      "mellerud",
      "lilla edet",
      "mark",
      "svenljunga",
      "herrljunga",
      "vara",
      "götene",
      "tibro",
      "töreboda",
      "göteborg",
      "mölndal",
      "kungälv",
      "lysekil",
      "uddevalla",
      "strömstad",
      "vänersborg",
      "trollhättan",
      "alingsås",
      "borås",
      "ulricehamn",
      "åmål",
      "mariestad",
      "lidköping",
      "skara",
      "skövde",
      "hjo",
      "tidaholm",
      "falköping"
    ],
    "Värmland": [
      "kil",
      "eda",
      "torsby",
      "storfors",
      "hammarö",
      "munkfors",
      "forshaga",
      "grums",
      "årjäng",
      "sunne",
      "karlstad",
      "kristinehamn",
      "filipstad",
      "hagfors",
      "arvika",
      "säffle"
    ],
    "Örebro": [
      "lekeberg",
      "laxå",
      "hallsberg",
      "degerfors",
      "hällefors",
      "ljusnarsberg",
      "örebro",
      "kumla",
      "askersund",
      "karlskoga",
      "nora",
      "lindesberg"
    ],
    "Västmanland": [
      "skinnskatteberg",
      "surahammar",
      "kungsör",
      "hallstahammar",
      "norberg",
      "västerås",
      "sala",
      "fagersta",
      "köping",
      "arboga"
    ],
    "Dalarna": [
      "vansbro",
      "malung-sälen",
      "gagnef",
      "leksand",
      "rättvik",
      "orsa",
      "älvdalen",
      "smedjebacken",
      "mora",
      "falun",
      "borlänge",
      "säter",
      "hedemora",
      "avesta",
      "ludvika"
    ],
    "Gävleborg": [
      "ockelbo",
      "hofors",
      "ovanåker",
      "nordanstig",
      "ljusdal",
      "gävle",
      "sandviken",
      "söderhamn",
      "bollnäs",
      "hudiksvall"
    ],
    "Västernorrland": [
      "ånge",
      "timrå",
      "härnösand",
      "sundsvall",
      "kramfors",
      "sollefteå",
      "örnsköldsvik"
    ],
    "Jämtland": [
      "ragunda",
      "bräcke",
      "krokom",
      "strömsund",
      "åre",
      "berg",
      "härjedalen",
      "östersund"
    ],
    "Västerbotten": [
      "nordmaling",
      "bjurholm",
      "vindeln",
      "robertsfors",
      "norsjö",
      "malå",
      "storuman",
      "sorsele",
      "dorotea",
      "vännäs",
      "vilhelmina",
      "åsele",
      "umeå",
      "lycksele",
      "skellefteå"
    ],
    "Norrbotten": [
      "arvidsjaur",
      "arjeplog",
      "jokkmokk",
      "överkalix",
      "kalix",
      "övertorneå",
      "pajala",
      "gällivare",
      "älvsbyn",
      "luleå",
      "piteå",
      "boden",
      "haparanda",
      "kiruna"
    ]
  },
  "metadata": {
    "totalCities": 290,
    "totalRegions": 21,
    "generatedAt": "2026-01-14T22:22:00.986Z",
    "source": "SCB Län och kommuner 2026"
  }
}